Claim / Finding,Verification Status,Source File,Evidence / Detail,Metric(s),Confidence,Use in Resume?,Use in Portfolio?,Next Follow-Up
34% reply rate for In Contract - Starts w/ New Thread,Verified,Morgan Copy - Outbound Content Performance Review.pptx.pdf,Deck lists best sequences by reply rate and names In Contract - Starts w/ New Thread.,34% reply rate,High,Yes,Yes,Connect to revised In Contract sequence and role in Content Committee.
First-touch principal sequences significantly underperformed vs teacher/support staff,Verified,Morgan Copy - Outbound Content Performance Review.pptx.pdf,Deck says principal first-touch reply rate was significantly low and persona table shows 5%.,5% reply rate for ES/MS-HS principal first-touch,High,Maybe,Yes,Use as insight that informed persona-specific strategy.
Teacher/support-staff sequence performance strong,Verified,Morgan Copy - Outbound Content Performance Review.pptx.pdf,"Persona table shows MS/HS Teacher, General Support Staff, and ES Teacher at 22-24% reply.",22-24% reply rates,High,Maybe,Yes,Tie to solution-oriented teacher content.
Rubric/resource email drove high click engagement,Verified,Morgan Copy - Outbound Content Performance Review.pptx.pdf,Best email templates by click rate included Effective yearbook rubrics.,12% click rate,High,Maybe,Yes,Use as proof of value-first content.
PTA Council strategy generated strong early traction,Verified,PTA Councils.pptx,Deck reports results after about one month and multiple council-level wins.,74% open; 7.4% click; 22% reply; 0 opt-outs,High,Yes,Yes,Find related Salesforce/spreadsheet artifacts if available.
District outreach used channel/ABM-style strategy,Verified,DISTRICT_ 1st TOUCH - Morgan Copy.docx,"14-step sequence built around district process, resource forwarding, vendor registration, samples, and local Vidyard.",N/A,High,Yes,Yes,Look for results data or related district responses.
Content Committee formalized sales-marketing content governance,Verified,Content Committee.pptx + Goals & Action Items,"Pitch and goals docs show team role, sequence review, feedback, collections, snippets, surveys.",N/A,High,Yes,Yes,Find meeting notes and content feedback surveys for deeper proof.
Smart Spreadsheet / sales ops system supported prioritization and data hygiene,Verified,Treering Performance Analysis Request,"Analysis lists target tiers, G-Connector/Salesforce refreshes, blank status/value checks, ownership issues.","113% likely revenue increase; $874,622.63 likely revenue; 42% peer lift",High,Yes,Yes,Open actual Smart Spreadsheet and WorkflowPerformance files.
$3M+ unworked CRM/pipeline claim,Lead / needs direct verification,TreeringAccomplishments_Complete or CRM cleanup docs,Referenced in prior analysis; not yet directly verified in current pass.,$3M+ claimed,Medium,Not yet,Maybe,Locate and open TreeringAccomplishments_Complete and relevant CRM cleanup files.
77-83% open rate claim,Lead / needs direct verification,Unknown / prior analysis leads,Mentioned in prior Gemini/full analysis; not yet directly verified in current pass.,77-83% claimed,Low,No,Maybe,Find source dashboard/screenshot/spreadsheet before using.
"480,000 emails sent claim",Lead / needs direct verification,Unknown / dashboard screenshots possibly,Mentioned in prior Gemini/full analysis; not yet directly verified in current pass.,"480,000 claimed",Low,No,Maybe,Search Outreach dashboard screenshots/data before using.
MPP leadership was metrics-rich and supportive,Verified,22-23 MPP Review Notes + Individual Reviews,"Reviews track activity, engagement, Vidyard, Thnks, opps, conversion, C/W revenue with encouraging coaching.",Multiple rep-level metrics,High,Yes,Yes,Read remaining individual reviews and pod meeting notes.
Smart Spreadsheet was a self-built account prioritization and Salesforce-error monitoring tool,Verified,Morgan_s Smart Spreadsheet.xlsx,Intro says the document helps prioritize accounts and catch record errors; it explains G-Connector refresh and lists statuses/errors to monitor.,N/A,High,Yes,Yes,Review workbook tabs/metadata if converted to native Sheet later.
Year 1 to Year 3 likely revenue increased about 113%,Verified,Year to Year (1-4).xlsx,"Likely Rev row shows Morgan Year 1 $179,651 and Year 3 $382,155.",~112.7% increase,High,Yes,Yes,Use rounded 113% if needed.
"Morgan all-time likely revenue exceeded comparison peer by $259,423.37",Verified,Year to Year (1-4).xlsx,"Likely Rev row shows Morgan all-time $874,622.63 and peer $615,199.26 with difference $259,423.37.","$874,622.63; $615,199.26; $259,423.37 difference",High,Yes,Yes,Can also describe as about 42% higher than peer.
"Hot Zone work was organized by district, round, cleaning/scrub status, school calendar timing, and customer confirmation",Verified,"Morgan_s Hot Zones! Progress, organization, custom.xlsx","Columns include District Name, State, Round #, Teacher Planning, First Day, Scrub status, Customers Confirmed, Customers in District, Notes.",N/A,High,Yes,Yes,May search for Hot Zone outcome/performance metrics next.
PTA Council outreach had a detailed school/PTA unit execution tracker,Verified,Morgan -- PTA Council Events.xlsx,"Workbook tracks PTA unit, contacts/emails, call status, contracts, and notes on decision-makers/referrals.",N/A,High,Maybe,Yes,Use as supporting artifact with PTA Councils deck results.
$3M+ in stale/unworked CRM accounts identified through data cleanup and ownership review,Partially Verified - self-authored source,TreeringAccomplishments_Complete (1).docx,Document describes the CRM cleanup process and directly states there were $3M+ in accounts that had not been worked in a long time.,"$3M+; 2,933+ accounts; 51 states; 565 districts",Medium-High,"Yes, carefully",Yes,Find raw Salesforce reports/dashboards if possible.
PTA Unit President campaign achieved 73% open rate and 25% reply rate,Verified,TreeRing Wrap-Up_ Summer 2016.docx,"Unit President Sequence section lists open rate, reply rate, total responses, and response categories.",73% open; 25% reply; 75 responses; 299 unit presidents emailed,High,Yes,Yes,Pair with campaign copy and follow-up spreadsheet if needed.
19 principal outreach calls created 299 Salesforce contacts,Verified,TreeRing Wrap-Up_ Summer 2016.docx,Principal Outreach section lists 19 principals contacted and 299 contacts created in Salesforce.,19 principals contacted; 299 contacts created,High,Yes,Yes,Find linked call log if available.
"77-83% open rate / 480,000 emails sent claim",Lead - unresolved,Analysis docs + located dashboard screenshot candidate,"Derived analysis documents mention the metrics, and likely screenshot files were located, but no direct readable dashboard source was verified in this pass.","77-83% claimed; 480,000 claimed",Low,No,Maybe,Need raw screenshot/image review or source spreadsheet before use.
Morgan trained new hires on Outreach/Salesforce sequence workflows and 129 available sequences,Verified,SEQUENCE TRAINING FOR NEW HIRES.docx,"Document explicitly walks new hires through Outreach, Salesforce, 129 sequences, smart views, SDR Persona collections, 1st Touch/Re-Approach, bulk sequencing, CC strategy, and workflow judgment.",129 sequences; 55 SDR Persona sequences,High,Yes,Yes,Use as enablement/technical training proof.
Morgan created technical training on Outreach variables and conditional personalization,Verified,SDR Variable Training.pptx,"Deck explains Outreach variables, required syntax, prospect/account/sender variable fields, error handling, if/else and nested fallback logic.",Conditional personalization; nested if/else examples,High,Yes,Yes,Use for marketing ops/CRM/email personalization roles.
"Hot Zone strategy used district/customer social proof, Salesforce reports, local references, and Outreach conditional/personal-note logic",Verified,Hot Zone + Outreach Coding Ideas.docx,"Doc recommends mentioning district customers, state customer counts, customer lists, local references, recently closed schools, trees planted, and using Personal Note fields / if-else logic for scalable personalization.",No raw performance metric,High,Maybe,Yes,"Use as strategy evidence, not performance proof."
Hot Zone PTA Reapproach was a 14-step long-cycle nurture sequence,Verified,"Morgan Edit, Hot Zone PTA Reapproach.docx","Sequence runs Aug-June with customer proof, sample/idea book offers, early-purchase discounts, local references, Earth Day/tree messaging, four-week turnaround, trial/demo CTAs, and future re-entry options.",No raw performance metric,High,Maybe,Yes,Pair with HZ performance metrics if screenshots/CSVs can verify them.
HZ Follow Ups by District verifies high-value district planning and campaign execution flags,Verified,HZ Follow Ups by District.xlsx,"Workbook tracks district, owner, state, estimated value, campaign planned, names added/approved, campaign sent, and school-level statuses/campaign flags.",Wake $1.3M; Cobb $789K; Fulton $689K; Prince William $653K; Gwinnett $390K,High,Yes,Yes,Use for territory/account planning; still need raw open/reply metrics.
Wake PTA event copy supports the verified PTA performance story but does not add raw metrics,Verified - contextual,Wake Summer 2019 Event Emails + Wake County PTA May 2019 follow-up,"Docs show WCPTA New Officer Training sponsorship, event follow-up, sample book offers, local proof, software tour/trial account CTAs, and low-pressure language.",No raw metric here; pair with 73% open / 25% reply from TreeRing Wrap-Up,High,Maybe,Yes,"Use as copy/context behind the PTA campaign, not as metric source."
WakeMay19_SampleRequests.pdf was located but not readable through current API path,Blocked,WakeMay19_SampleRequests.pdf,"File exists and may contain sample-request evidence, but text extraction returned empty.",Unknown,Low-Medium,No,Maybe,Manual/visual review needed only if sample-request proof becomes important.
"85% open / 39% reply for 18-19 HZ Follow-Ups, Spring, 1st Touch",Verified,Persist screenshot batch: HZ Intro 1st Touch screenshots,"Summary dashboard shows 89 contacted, 88 reached, 75 opened, 34 replied, 1 bounced, 0 opted out.",85% open; 39% reply; 89 contacted,High,Yes,Yes,Use as verified Persist/Hot Zone metric.
88% open / 52% reply for 17-18 Dem HS Intro Late Start,Verified,Persist screenshot batch: Dem HS Late Start screenshots,"Summary dashboard shows 105 contacted, 96 reached, 84 opened, 50 replied, 11 bounced, 0 opted out.",88% open; 52% reply; 105 contacted,High,Yes,Yes,Excellent high-performing campaign proof.
"91% open / 70% reply for 17-18 ENGAGED, Sent Sample Follow Up",Verified,Persist screenshot batch: Sent Sample screenshots,"Summary dashboard shows 23 contacted, 23 reached, 21 opened, 16 replied.",91% open; 70% reply; 23 contacted,High,Maybe,Yes,Small segment but very strong follow-up proof.
95% open / 54% reply for 18-19 Private Middle/High/Upper/K-12 Confirmed,Verified,Persist screenshot batch: Private Middle/High/K-12 screenshots,"Summary dashboard shows 43 contacted, 39 reached, 37 opened, 21 replied.",95% open; 54% reply; 43 contacted,High,Maybe,Yes,"Use carefully due smaller segment, but it is verified."
84% open / 19% reply for 18-19 Private School Principals 1st Touch,Verified,Persist screenshot batch: Private Administrators screenshots,"Summary dashboard shows 505 contacted, 493 reached, 414 opened, 94 replied.",84% open; 19% reply; 505 contacted,High,Yes,Yes,Large-volume private-school principal campaign.
"480,000 emails for SDRs / 16,000 calls / 74,000 activities / 77% lead conversion / 82% opp conversion",Verified,Sequences screenshot batch: Team Honors 21-22 Wins for the year,Screenshot explicitly lists Team Honors metrics for the year.,"480,000 emails; 16,000 calls; 74,000 activities; 77% lead conversion; 82% opportunity conversion",High,"Yes, team-level",Yes,"Phrase as team/SDR team-level, not Morgan-only."
77%-83% open-rate range in 20-21 SDR persona sequence snapshot,Verified,Sequences screenshot batch: File-Screen Shot 2021-04-28 at 4.21.20 PM,"Rows include MS/HS Teacher 83% open / 32% reply, General Support Staff 83% open / 38% reply, MS/HS Principal 77% open / 14% reply.",77%-83% open; 14%-38% reply; 804-1901 contacted depending on row,High,"Yes, with context",Yes,Use as campaign/sequence performance snapshot.
83%-88% open and 57%-62% reply for 20-21 inbound/request-demo style rows,Verified,Sequences screenshot batch: File-Screen Shot 2021-02-09 at 2.35.53 PM,"Rows include Request Demo 287 contacted, 83% open, 62% reply; Trial Account Request 407 contacted, 88% open, 57% reply.",83%-88% open; 57%-62% reply,High,Maybe,Yes,Likely inbound/engaged contexts; do not conflate with cold outbound.
Full uploaded screenshot audit completed,Verified / Complete,Persist Backups + Sequences uploaded zip files,Reviewed 67 Persist screenshots and 10 Sequences screenshots. Added Screenshot Review Log and expanded Extracted Screenshot Metrics with folder-level and sequence-level rows.,77 screenshots reviewed,High,Yes,Yes,Use Extracted Screenshot Metrics + Screenshot Review Log as the source tables for metric-safe phrasing.
20-21 General Support Staff persona sequence achieved 83% open / 38% reply across 751 contacted,Verified,Sequences / 20-21 Insights screenshot,"Sequence row lists 751 contacted with 83% opened, 8.8% clicked, 38% replied.",751 contacted; 83% open; 38% reply,High,Yes,Yes,One of the strongest large-sample persona sequence metrics.
20-21 MS/HS Teacher persona sequence achieved 83% open / 32% reply across 804 contacted,Verified,Sequences / 20-21 Insights screenshot,"Sequence row lists 804 contacted with 83% opened, 13% clicked, 32% replied.",804 contacted; 83% open; 32% reply,High,Yes,Yes,Strong large-sample teacher-persona metric.
20-21 Request Demo row achieved 83% open / 62% reply across 287 contacted,Verified,Sequences / 20-21 Insights screenshot,"Request Demo row lists 287 contacted with 83% opened, 1.7% clicked, 62% replied.",287 contacted; 83% open; 62% reply,High,Maybe,Yes,Warm/inbound context; do not describe as cold outbound.
Morgan built and maintains a live SDR process map website (escottmorgan.wixsite.com/processmap) used as official team training infrastructure,Verified,"Training_ Research, Contacts, Prospects, & Sequenc.pptx (DF-0075); escottmorgan.wixsite.com/processmap (confirmed live 2026-05-02)","Site is live, professional, titled 'Home | SDR Process Map,' and includes 8-step workflow, tool guides (Salesforce/Outreach/Gmail/Grammarly/Vidyard), Important Docs, Sales Drive, Community feedback, and Support. Linked in official SDR training deck under Morgan's name alongside the SDR Playbook and Outreach Tag List.",N/A — qualitative authorship/ownership,High,Yes,Yes,Use for resume/LinkedIn: 'Built and maintained live SDR onboarding website used as official team training infrastructure.' Portfolio: link directly to escottmorgan.wixsite.com/processmap as live proof.
"Morgan made strategic territory Keep/Give decisions across 1,578 schools in 100+ districts for the 20-21 Hot Zone season",Verified,ALL HZ Schools-2021.xlsx (DF-0070),"Spreadsheet dated 7/21/21. Columns: District Name, Give or Keep, # of Schools, State, Notes. Total: Keeping 942 schools, Giving 636. Morgan's strategic annotations include: Wake County (128 schools) = 'Over my dead body lmao'; Cobb County (60) = 'HIGH VALUE DISTRICT but high difficulty'; Houston ISD (59) = 'Keep one TX district for me, I'd love to follow up myself.'","1,578 total schools; Keeping 942, Giving 636",High,Yes,Yes,"Resume: territory management at scale — 1,578 schools, 100+ districts, strategic Keep/Give decisions. Portfolio: use annotations as personality + strategic rigor proof."
Morgan generated Salesforce Closed Won reports used for HZ district social proof targeting,Verified,CW Customers by District in CA.xlsx (DF-0071),"File header explicitly reads: 'Generated by Morgan Escott.' Report filtered to CA Closed Won accounts, Target Year 2019-2021. Columns include satExperience and satRecommend (customer satisfaction 1-10) and High Value Account flag. Used for HZ district social proof strategy.","Customer satisfaction scores (10/10, 8/8) visible; Closed Won data by district",High,Yes,Yes,"Resume: Salesforce reporting, CRM data strategy, social proof targeting. Portfolio: pair with HZ campaign performance metrics."
The In Contract sequence (34% reply rate) source copy is confirmed as Morgan's authored work,Verified,"CC Edit_ Sequence Update, In Contract.docx (DF-0057); Morgan Copy - Outbound Content Performance Review.pptx.pdf (performance verification)","File is the full 11-step production In Contract sequence (Outreach #305, Mar-Jun 2022) with advanced if/else variable logic. Performance (34% reply rate) verified separately via screenshot/dashboard source. This file confirms Morgan's authorship of the copy that produced that result.",34% reply rate (verified in performance deck),High,Yes,Yes,Resume: 'Authored top-performing In Contract sequence (34% reply rate).' Portfolio: centerpiece of sequence writing case study — authorship + performance in one file.
Morgan-signed cold outbound district emails (McKinney ISD) confirm solo authorship of district penetration strategy,Verified,McKinney District Emails.docx (DF-0076),"Email body explicitly reads 'My name is Morgan Escott.' Three variants by account status (open/working/follow-up). Lists 7 social proof schools, references vendor paperwork submitted to McKinney ISD, and includes a custom discount approved for new McKinney customers.",N/A — qualitative authorship,High,Yes,Yes,"Resume: district penetration strategy, ABM-style outreach. Portfolio: use as sample of cold outbound copy with named social proof and custom discount."
The team explicitly identified brand voice loss as the reason for the CC-led sequence rebuild,Verified,Content Committee - Recent Topics.docx (DF-0072),Overwhelming consensus is that we'd like to get our own voices back into the sequences again.' Documented in CC meeting notes. The ERIKA Marketing-authored sequences were the before-state; Morgan's CC rebuild was the organizational response.,N/A — qualitative,High,Maybe,Yes,Portfolio: use as context for the CC rebuild story — explains the WHY behind the sequence overhaul. Interview: 'The team wanted their voices back.'
The Content Feedback Survey May 2022 was executed and collected 181 pages of real team responses,Verified,Responses_All_220608.pdf (DF-0073); Content Feedback Survey_ May 2022.docx (DF-0048),"SurveyMonkey export dated June 8, 2022 is 181 pages of individual responses to the 'Sales Content Feedback > 2022' survey. Question structure matches the survey instrument Morgan designed. Confirms full VOC loop: instrument design → execution → data collection.",181 pages of responses,High,Yes,Yes,Resume: 'Designed and executed VOC feedback survey collecting 181 pages of team responses.' Portfolio: proof of full research loop — instrument → execution → data → action.
Morgan negotiated to retain sequence writing ownership when VP of Marketing (Kristina) attempted to take over all sequences,Verified — anecdotal/contextual,"Kristina Bobby To Do, 1st Meeting.docx (TR-0187); confirmed by Morgan 2026-05-02","When Kristina joined as VP of Marketing she attempted to take over all sequence writing. Morgan fought to stay involved and won a split: Kristina wrote daily-driver sequences (broad audience), Morgan wrote niche sequences (Private School, Title 1, HZ-adjacent). The 'Kristina Bobby To Do, 1st Meeting' doc was prep for this negotiation. Approved by Bobby.",N/A — qualitative negotiation outcome,High,Yes,Yes,"Resume: cross-functional leadership, negotiation, scope defense. Interview: strong story about advocating for your role and winning. Use carefully — empathize with Erika context."
"The team preferred Morgan's niche sequences so much that reps used them for non-niche prospects, changing verbiage manually",Verified — anecdotal,Confirmed by Morgan 2026-05-02; inferred from sequence engagement data patterns,Reps started putting non-niche prospects into Morgan's Private School / Title 1 / niche sequences and manually adjusting the verbiage because they preferred her writing. Had to be stopped because it skewed engagement metrics (couldn't confidently report 'private school teachers replied X%' with mixed audiences). This is both a strong endorsement of Morgan's writing quality and an important caveat for niche sequence performance data.,"Caveat: niche sequence metrics (Private School, Title 1) may be artificially elevated due to this behavior",High,Maybe,Yes,Portfolio: use as supporting context for niche sequence performance data caveat. Interview: proof that reps voluntarily chose your writing over the alternative.
"The ERIKA sequence rework caused a rift between Sales/Marketing and Erika; it was a leadership communication failure, not Morgan's decision",Verified — contextual,Confirmed by Morgan 2026-05-02; Notes Dec 16 (DF-0108); Content Committee context docs,Bobby directed Morgan and the CC to rewrite the sequences. CC did what their boss (Bobby) approved. Kristina (Erika's boss in Marketing) did not adequately communicate the plan to Erika. Erika was devastated and did not know her work was being replaced. Morgan empathizes: 'I would cry if I got into a meeting where someone took everything I did and undid/redid it without my knowledge.' The rift lasted a long while. CC-written sequences ultimately performed significantly better.,N/A — qualitative context,High,Maybe,Yes,Portfolio: important context layer for CC rebuild story. Not a standalone resume bullet — use as supporting narrative.
"In the 21-22 Spring analysis, Kristina-written principal sequences (both ES and MS/HS) had a 5% reply rate — the worst in the program — while Morgan's In Contract sequence had a 34% reply rate",Verified,Morgan Copy - Outbound Content Performance Review.pptx (June 1 2022); persona table Page 8,"Performance Review persona table shows all Kristina daily-driver sequences ranked by reply rate. Principal 1st Touch (both ES and MS/HS) = 5%. Teacher/Support sequences = 21-24%. Morgan's In Contract (Sales Cycle, CC-written) = 34% — the top performer by a wide margin. The deck explicitly called out principal sequences: 'The reply rate of first-touch sequences to principals is significantly low (5%).' This analysis was presented by the CC and led to the Summer 2022 rebuild Morgan directed.",ES Principal 1st Touch: 5% reply; MS/HS Principal 1st Touch: 5% reply; In Contract: 34% reply; Teacher 1st Touch: 21-24% reply,High,Yes,Yes,Resume: 'Identified 5% principal reply rate gap through CC-led analysis; rebuilt entire sequence program in response.' Portfolio: before/after proof with data.
"Morgan was the first outbound team member in TreeRing history to reach $1M+ in sourced revenue, achieving 117% of target in year one of expanded scope",Verified — self-authored resume source,"MorganEscott_ContentSpecialist_Resume and ContentWriter_MorganEscott_Resume (Drive, 2025)","Resume states: 'First outbound team member in company history to reach $1M+ in sourced revenue, achieving 117% of target in year one.' Appears across multiple resume versions consistently.",$1M+ sourced revenue; 117% of target,Medium-High,Yes — team-level,Yes,Resume: 'Part of team that hit goals despite sequence quality challenges; identified improvement areas that drove the Summer 2022 rebuild.' Portfolio: use as honest context.
"Content Committee governed 96+ campaign variants and quality-controlled 1,920+ email templates",Verified — self-authored resume source,"MorganEscott_ContentSpecialist_Resume (Drive, 2025)","Resume states: 'Founded and led Content Committee, establishing review guidelines for 96+ campaign variants addressing nuanced topics around education, family dynamics, and community values. Applied quality control to datasets of 1,920+ email templates, maintaining accuracy and consistency across audience segments.'","96+ campaign variants; 1,920+ email templates",Medium-High,Yes,Yes,"Portfolio: use as step-level performance analysis proof — shows analytical depth beyond headline metrics. Interview: 'I don't just look at overall reply rate, I look at drop-off by step.'"
Morgan identified the 5% principal reply rate gap through CC-led performance analysis and led the Summer 2022 sequence rebuild to address it,Verified,"Morgan Copy - Outbound Content Performance Review.pptx (June 2022, analysis); CC Summer 2022_ Sequences.xlsx (DF-0058, rebuild)","The June 2022 performance review identified principal sequences as the program's weakest area at 5% reply. Morgan co-led this analysis (the deck is labeled 'Morgan Copy'). The CC Summer 2022 planning doc (DF-0058) documents the full rebuild Morgan directed in response, covering all 16 sequences with a 14-category QA checklist targeting exactly these gaps.",Gap identified: 5% principal reply → CC rebuild led by Morgan → new 22-23 sequences deployed,High,Yes,Yes,Resume: 'Authored 21 of 39 SDR sequences (all niche: Title 1 + Private School); served as editorial reviewer for all 18 Kristina-authored sequences.' This is extremely strong.
"The outbound team hit its overall SF dashboard goals in 21-22 despite sequence quality issues — but negative engagement (opt-outs, unsubscribes, 'take me off your list' replies) contributed to those numbers",Verified — contextual,"Morgan Copy - Outbound Content Performance Review.pptx (Slide 2, June 2022); confirmed by Morgan 2026-05-02","Deck opens: 'the outbound team proved the overall effectiveness of the last round of content creation. Yay!!' However, per Morgan: the primary driver of the performance review was internal employee dissatisfaction — reps were uncomfortable putting their name on off-target sequences, and were receiving negative replies ('take me off your list') that counted as engagement in dashboards. The team still hit goals and performed well, but the sequence quality made reps' jobs harder and inflated negative-engagement metrics. Use 'hit goals' claim carefully — the quality gap had real consequences for rep experience and prospect relationships.",Overall SDR goals met; negative replies ('take me off your list') inflated engagement metrics; rep satisfaction was the core issue driving the performance review,High,Yes,Yes,Resume: 'Served as sole proofreader and quality controller for entire 39-sequence Summer 2020 library.' Portfolio: editorial authority proof.
General Support Staff (21-22) 1st Touch sequence dropped 14 reply-rate points across its first 3 steps (16% → 6% → 2%),Verified,"Morgan Copy - Outbound Content Performance Review.pptx (Slide 7, June 2022)","Deck notes: 'The reply rate of General Support Staff (21-22) (1st Touch) (2nd Semester) dropped 14 points between steps 1 and 3 (from 16% in step 1, to 6% in step 2, to 2% in step 3).' This step-level collapse suggests the later emails in the sequence were not sustaining engagement — a specific writing/structure quality signal that the overall 23% headline reply rate doesn't reveal.",Step 1: 16% reply; Step 2: 6%; Step 3: 2%,High,Yes,Yes,"Resume: 'Primary editor of SDR sequence library Jan–Apr 2020, executing 30+ edits across all sequence categories.' Portfolio: CRM/content ops process proof."
"In Summer 2020, Morgan wrote 21 of the 39 sequences in the SDR library (all niche: Title 1 + Private School), with Kristina writing the remaining 18 (all general persona)",Verified — primary source document,Summer '20 - Sequence List.xlsx (DF-0124) — Creator/Owner column explicitly names Morgan or Kristina for every sequence,"The Summer 2020 sequence library contained 39 sequences total. Creator column explicitly names each author. Morgan (Creator = Morgan): 21 sequences covering all Title 1 and Private School audiences (ES PTA, ES Teacher, ES Principal, MS/HS Teacher, MS/HS Principal) across three collections each (HZ, Persona 1st Touch, Re-Approach). Kristina (Creator = Kristina): 18 sequences covering all general audiences (ES PTA, ES Principal, ES Teacher, General Support Staff, MS/HS Principal, MS/HS Teacher) across same three collections. This exactly confirms the outcome of the sequence split negotiation documented in Kristina Bobby To Do (TR-0187).",Morgan: 21 sequences (100% of niche/Title 1/Private School); Kristina: 18 sequences (100% of general daily-driver audiences),Very High,Yes,Yes,"Resume: '1,578-school HZ territory across 100+ districts; strategic Keep/Give allocation.' Portfolio: pair with HZ campaign metrics and district valuation data."
Morgan proofread all 39 Summer 2020 sequences — including all 18 Kristina-authored sequences — in addition to writing her own 21,Verified — primary source document,Summer '20 Sequences - Proofreading.xlsx (DF-0125) — proofreader column lists 'Morgan' for every Kristina sequence; Sheri/Melanie/Lindy for Morgan's sequences,"The Summer 2020 proofreading tracking sheet documents the reviewer for every sequence. For Morgan's 21 sequences: external proofreaders (Sheri, Melanie, Lindy) reviewed with detailed line-by-line notes; Morgan responded to each note with reasoning. For Kristina's 18 sequences: the proofreader column consistently shows 'Morgan' — meaning Morgan was the editorial quality controller for the entire Kristina portion of the library as well. All 39 sequences also went through Bobby Review (column = Yes). Morgan's total editorial footprint: creator of 21 + proofreader of 18 = quality control authority over all 39.",39 sequences reviewed total; Morgan = sole proofreader for Kristina's 18; Morgan = creator + reviewer for own 21,Very High,Yes,Yes,"Resume: 'Year 1→Year 3 revenue +113%; all-time likely revenue $874K, outperforming peer by $259K (+42%).' Top resume achievement — verified primary source."
"In the Jan–Apr 2020 edit log (SDR Outreach Sequences Master), 30+ sequences are marked 'Updated [date] ME', confirming Morgan as the primary editor of the entire SDR library during that period",Verified — primary source document,SDR Outreach Sequences - Master.xlsx (DF-0119) — edit log tab and Sequence Inventory tab,"The SDR Sequences Master spreadsheet contains two sections: (1) an edit request log spanning Jan–Apr 2020, where nearly every approved request shows 'Done' with Morgan's initials (ME); (2) a Sequence Inventory listing 30+ sequences with 'Updated [date] ME' confirming Morgan edited each one during the Spring 2020 update cycle. Requesters include Melanie, Jen, Kaelyn, Lindy, Bobby, Mike. Morgan also made judgment calls on disputed edits (e.g., called 50/50 on 'Appreciation' correction with Kristina overriding). Sequences span all categories: Sales Cycle (4), Hot Zone (4), Persona (20+).",30+ sequences with 'Updated [date] ME' across Jan–Apr 2020; Morgan executed ~20+ individual copyedits during this period,Very High,Yes,Yes,"Resume: first outbound team member to reach $1M+ in sourced revenue, 117% of target in year one of expanded scope. Flag as self-reported resume source — pair with Year to Year primary data."
"Morgan's HZ portfolio in July 2021 comprised 1,578 schools across 30+ states: 942 designated Keep, 636 designated Give (to Bobby or other reps)",Verified — primary source document,"ALL HZ Schools-2021.xlsx (DF-0141) — file header reads 'Keeping: 942, Giving: 636', dated 7/21/21","Territory optimization document from July 2021 showing Morgan's full HZ portfolio with Keep/Give decisions per district. 942 schools she was retaining (including Wake County 128, Gwinnett 101, Cobb 60, Houston ISD 59, etc.) and 636 she was giving back to Bobby or reallocating. The 'Give' decisions for VA districts (Prince William 59, Henrico 34, Newport News 20, Norfolk 12) align with the Transfer to Anna offboarding doc (DF-0134) where those same VA districts appear as Morgan's accounts at departure. Morgan's personal annotations confirm strategic prioritization ('Over my dead body lmao' for Wake County; named contacts she was personally committed to converting).","Keeping: 942 schools; Giving: 636 schools; Total HZ portfolio as of 7/21/21: 1,578 schools across 30+ states",Very High,Yes,Yes,"Resume: 'Founded and led Content Committee governing 96+ campaign variants and 1,920+ email templates.' Flag as self-reported — pair with CC founding docs and proofreading logs."
"Morgan's Year 1 → Year 3 revenue was $179,651 → $382,155 (a 113% increase); all-time revenue $874,623; Morgan outperformed Jen (the other primary SDR) by $259,423 in total likely revenue",Verified — primary source document,Year to Year (1-4).xlsx (DF-0131) — source spreadsheet with per-year and all-time figures for both Morgan and Jen,"Year to Year comparison spreadsheet. Morgan's Likely Revenue: Year 1 $179,651; Year 2 $273,631; Year 3 $382,155; Year 4 $39,186; ALL TIME $874,623. Jen's Likely Revenue: Year 1 $141,828; Year 2 $268,322; Year 3 $187,309; Year 4 $17,740; ALL TIME $615,199. Morgan's Year 3 ($382,155) is more than 2x Jen's Year 3 ($187,309). All-time difference: $259,423 in Morgan's favor. File note: 'NEW NUMBERS W/SCHOOLDIGGER DATA' confirms estimates were refined with school enrollment data.","Year 1: $179,651; Year 2: $273,631; Year 3: $382,155 (+113% from Y1); Year 4: $39,186 (partial); ALL TIME: $874,623; vs Jen ALL TIME: $615,199 (Morgan +$259,423 / +42%)",Very High,Yes,Yes,Resume: 'Identified 5% principal reply rate gap → led Summer 2022 CC rebuild of all 16 sequences across 6 personas.' This is the complete gap-to-solution arc in one bullet.
"Morgan analyzed 3,668 schools in a 2021 territory restructure, documenting 1,594 Give decisions and 2,074 Keep decisions across four strategic buckets.",Verified,Morgan 2021_ To Be Re-Assigned.xlsx (TR-0457),"Workbook summary tab directly lists Private, Hot Zone, Title 1, and SchoolDigger counts, totaling 3,668 schools: Give 1,594 / Keep 2,074. Supporting tabs show state/district-level Keep/Give logic and assignment notes.","3,668 total schools; Give 1,594; Keep 2,074; 2,997 accounts above $2,500; 458 Hot Zone + Title 1 overlap",High,Yes,Yes,"Distinguish from the narrower 1,578-school Hot Zone Keep/Give claim already in Verified Claims; TR-0457 is the broader multi-bucket restructure analysis."
"Morgan built a 2,025-account SDR re-entry plan in 2023, segmenting accounts into four action paths with distinct next-step logic.",Verified,2023 _ Getting Back on the Bike.xlsx (TR-0482),"Workbook summary directly totals 2,025 accounts and breaks them into Bad Fit, In Contract, Follow-Ups, and Restart + Research, each with action guidance; report headers show the exports were generated by Morgan Escott.","2,025 accounts total; Bad Fit 395; In Contract 78; Follow-Ups 130; Restart + Research 1,422",High,Yes,Yes,Resume-safe as a territory/account segmentation claim; strongest wording emphasizes re-entry planning and operational prioritization rather than outcomes not shown here.
"Morgan’s Summer 2019 local-school outreach log records 77.3 driving miles, 62 schools contacted, and 7 “yes” responses; the worksheet separately lists 7 named school visit stops across June 17–19.",Verified — use precise wording,Miles for Local Schools - Morgan.xlsx (TR-0485),Mileage log directly totals 77.3 miles and records 62 schools contacted plus 7 schools who said yes. The visible trip rows name 7 specific school stops; the file does not prove that all 62 contacted schools were physically visited.,77.3 miles; 62 schools contacted; 7 yeses; 7/62 = 11.3% yes rate; 7 named school visit stops,High,Maybe,Yes,Do not phrase as “visited 62 schools.” Safe phrasing: “logged 77.3 miles of local school outreach tied to 62 schools contacted and 7 yes responses.” Strong interview/portfolio proof of above-and-beyond field initiative.
"Morgan maintained a 22–23 pod performance dashboard tracking five direct reports across activity, engagement, responsiveness, and meetings-held outcomes.",Verified,22-23 So Far_.docx (TR-0651),"Document lists SDR pod averages plus separate performance blocks for Tevis, Jamie, Julie, Erin, and Ayesha, including prospects contacted, emails delivered, calls, response time, unsubscribe rate, open/reply/click rates, call connect rate, prospects invited, meetings booked, meetings held, and meetings-held rate.","5 direct reports tracked; pod averages: 9.1% reply, 72.5% open, 10.6% call connect, 87.8% meetings-held rate, 3h 45m average response time",High,Yes,Yes,"Strong resume-safe leadership claim when framed as data-driven pod management / performance dashboarding. Keep metrics explicitly pod-level, not Morgan-only."
"Morgan used multi-year quantitative direct-report review materials to assess performance across opportunity creation, revenue, close rate, and outreach activity history.",Verified — use carefully,Erin.docx (TR-0462),"Draft performance review material compiles one direct report’s results across 2020–2023, including opportunity counts/value, annual and total revenue, closed-won rate, outreach delivery/open/click/reply rates, and call volume.","56 opps created; $296,725 opp value; $200,858.89 overall revenue; 35 closed-won opportunities; 62.5% C/W rate",High,"Maybe — as management-review rigor, not as Morgan-owned revenue",Yes,Best used to prove performance-review discipline and quantitative people management. Avoid external phrasing that implies Morgan personally generated or directly owns the direct report’s revenue totals.
"Morgan tracked $590,343 in cumulative opportunity value across 2016–2019, including $480,483 in 2017–2018 and $84,363 in 2016–2017.",Verified,Morgan_s Opps.xlsx (TR-0626),"Workbook summary directly lists 2016–2017 Opportunity Total $84,363; 2017–2018 Opportunity Total $480,483; 2018–2019 Opportunity Total $25,497; Total Opportunity Value $590,343. The workbook also contains school-by-school opportunity entries, providing granular attribution.","$84,363 (2016–17); $480,483 (2017–18); $25,497 (2018–19 partial); $590,343 total opportunity value; 4% bonus amount shown as $3,613.72",High,"Yes, with precise wording",Yes,"Phrase as opportunity value / pipeline generation, not closed-won revenue. Prefer later revenue-specific sources for realized revenue claims."
"The Aug.–Oct. 2019 Sales Peak post-mortem records $1.762M in closed-won likely revenue against a $1.847M goal (95.4% attainment), but the figure should be treated as Sales Peak / team-context evidence, not a Morgan-only revenue claim.",Verified — contextual / not Morgan-only,Morgan_s Copy -- After Action Review (Post-Mortem).docx (TR-0652),"The document header states: Event = “Sales Peak”; Time Period = August 2019 to October 2019; Goal = close win $1.847M in likely revenue generated; Outcome = closed won $1.762M in likely revenue generated. The document is titled “Sales Team - After Action Review (Post-Mortem)” and includes both “My notes” and “Team Notes,” so the metric is best treated as peak-period/team context.",$1.762M outcome vs. $1.847M goal; approximately 95.4% attainment,High,No as a Morgan-only revenue bullet; maybe as context,Yes,Use in portfolio/interview context to frame performance-under-pressure and the Sales Peak environment. Do not phrase as “Morgan generated $1.762M” unless a separate Morgan-specific source is found.
"Morgan’s Year to Year tracker documents $1.506M in cumulative opportunity value and $874.6K in likely revenue across Years 1–4, with year-by-year opportunity/revenue pairings.",Verified,Year to Year (1-4).xlsx (TR-0285),"Workbook directly lists Morgan's Opps Created and Likely Rev for Years 1–4, plus all-time totals. This supports the README's detailed year-by-year opps/revenue line, not just the separate headline revenue claims.","Opps: Y1 $521,753; Y2 $490,647; Y3 $461,790; Y4 $32,678; all-time $1,506,868. Likely revenue: Y1 $179,651; Y2 $273,631; Y3 $382,155; Y4 $39,185.63; all-time $874,622.63.",High,"Yes, selectively",Yes,Use existing cleaner headline rows for résumé bullets when possible; this is the detailed backing table for year-by-year opps/revenue.
"A Morgan-attributed Persist prospect export/search view in the 05.14.26 batch documents a 6,186-record outbound prospect set.",Verified — primary source export + screenshot corroboration,Persist_ProspectExport (TR-0767); Screen Shot 2025-07-07 at 7.28.03 PM.png (TR-0771),"The Persist_ProspectExport sheet contains 6,187 rows including its header, indicating 6,186 data records. A companion Persist screenshot shows a 6,186-prospect search result count in Morgan's view. The export also preserves field-rich contact/account segmentation structure.","6,186 prospect records",High,Maybe,Yes,Use as data-environment scale / tool-fluency evidence. Do not frame as closed-won revenue or as proof Morgan manually created every record without stronger corroboration.
"A Morgan-attributed Persist Outbox screenshot in the 05.14.26 batch shows a 26,151-item Outbox view.",Verified — screenshot-specific workflow-context metric,Screen Shot 2025-07-07 at 7.27.45 PM.png (TR-0771),"The Persist Outbox screenshot reads “1–50 of 26151” while displaying Morgan’s Persist environment and outbound message context. This supports workflow-scale / platform-environment context only; it does not establish that Morgan sent 26,151 emails or contacted 26,151 prospects.","26,151-item Outbox view",High,No,Yes,"Use only as platform-scale / process-context corroboration alongside TR-0767 and TR-0771. Do not present as outbound volume, sent-email count, or a business outcome."
A Morgan-view Salesforce CRM audit dashboard in the 05.14.26 batch documents 45 accounts scrubbed and $189K in potential value within an inactive-owner cleanup effort.,Verified — screenshot-specific dashboard metric,CRMAuditRoleDashboard.png (TR-0772),"The Salesforce dashboard screenshot is labeled “Viewing as Morgan Escott” and shows “Accounts Scrubbed 45” plus “Potential Value $189K” in the inactive-owner cleanup context. Treat this as dashboard-state evidence for that cleanup/reporting effort, not as a standalone closed-won revenue claim.",45 accounts scrubbed; $189K potential value,High,Maybe,Yes,Excellent corroboration for CRM audit / reporting-value claims. Use carefully and keep the dashboard context attached.
17–18 HZ Follow-Ups PST (April) achieved 77% open and 38% reply across 13 contacted prospects.,Verified — screenshot metric / small segment,Persist Backups / HZ screenshot batch — Screen Shot 2019-06-21 at 10.32.26 AM (TR-0752),"Extracted Screenshot Metrics logs the campaign as 17–18 HZ Follow-Ups PST (April): 13 contacted, 13 reached, 10 opened, 5 replied.",13 contacted; 100% reached; 77% open; 38% reply,High,Maybe — small sample,Yes,"Use as a strong but small-segment campaign proof point, not as a headline-scale benchmark."
"A Morgan-view Salesforce report in the 05.14.26 screenshot batch identifies 795 workable schools not touched in 23-24, representing 6,683,860.20 in total estimated value.",Verified — screenshot-specific Salesforce report metric,Screen Shot 2024-01-16 at 3.29.36 PM.png (TR-0775),"The report titled Workable Schools Not Touched in 23-24 shows 795 total records, 6,683,860.20 total estimated value, 8,407.37 average estimated value, 206 unique districts, 201 unique counties, 40 states/provinces, 519 Hot Zone schools, and 69 private schools. Treat this as a quantified untouched-opportunity reporting finding, not realized revenue.","795 records; 6,683,860.20 total estimated value; 8,407.37 average EV; 206 districts; 201 counties; 40 states/provinces; 519 Hot Zone schools; 69 private schools",High,Maybe,Yes,Strong corroboration for report-driven opportunity discovery and CRM coverage-gap analysis. External wording should preserve the estimated-value / untouched-schools context.
"A Desktop ScreenshotArchive campaign-reporting screenshot filtered to Morgan Escott shows multiple Morgan-authored outbound campaigns with strong visible reply performance, including 505 prospects / 94 replies (21%), 186 / 79 (47%), 185 / 59 (34%), and 105 / 50 (53%).",Verified — screenshot-specific historical campaign metrics,File-Screen Shot 2021-04-14 at 12.32.03 PM.png (TR-0776),"The screenshot shows a campaign reporting view for Morgan Escott with several campaign rows clearly aligned to prospect and reply counts. The first four cleanly legible examples are: 18-19 Private School Principals, 1st Touch — 505 prospects / 94 replies (21%); Dem HS Intro Campaign — 186 / 79 (47%); 17-18 HZ Re-Connect Campaign (June/July) — 185 / 59 (34%); 17-18 Dem HS Intro (Late Start) — 105 / 50 (53%).",505 / 94 replies (21%); 186 / 79 (47%); 185 / 59 (34%); 105 / 50 (53%),High,Yes,Yes,Use the first four cleanly aligned rows as the safest external metrics. Additional lower-row campaign percentages are promising but should be visually rechecked before headline use.
"18–19 ENGAGED, Feb Clean-Up achieved 87% open and 27% reply across 30 contacted prospects.",Verified — screenshot metric / engaged segment,Persist Backups / Engaged screenshot batch — Screen Shot 2019-06-21 at 9.45.11 AM; 9.45.16 AM,"Extracted Screenshot Metrics logs the engaged clean-up campaign at 30 contacted, 30 reached, 26 opened, and 8 replied.",30 contacted; 100% reached; 87% open; 27% reply,High,Maybe — engaged cleanup context,Yes,Do not present as cold outbound; strongest as engaged-prospect follow-up evidence.
"Morgan’s pod outperformed Nov. 2022 team averages on reply rate, call connect rate, and meetings-held rate.",Verified,Untitled document(13).docx (TR-0402),"Nov. 28, 2022 pod notes state: pod reply rate 2.8% vs. 2.6% team average; call connect rate 14% vs. 8% team average; meetings-held rate 91.7% vs. 88.4% team average. Notes also record a 2.4% unsubscribe rate.",Reply: 2.8% vs. 2.6%; call connect: 14% vs. 8%; meetings held: 91.7% vs. 88.4%; unsubscribes: 2.4%,High,"Yes, with pod-level framing",Yes,"Use as Morgan's pod-management performance benchmark, not Morgan-only individual output."
"Morgan’s June 2023 account list covered 2,263 accounts with $15.13M in estimated value, including 607 private, 947 Hot Zone, and 630 Title 1 accounts.",Verified,Untitled spreadsheet(7).xlsx (TR-0413),"Workbook summary directly lists Account List of 6/8/2023: 2,263 accounts, $15,129,405 estimated value, 607 private, 947 Hot Zone, 630 Title 1. It also separately lists a 22–23 potential account list of 1,173 accounts valued at $8,572,135.","2,263 accounts; $15,129,405 estimated value; 607 private; 947 Hot Zone; 630 Title 1; 1,173 potential 22–23 accounts / $8,572,135",High,Yes,Yes,"Phrase as account-list / territory-book scope and valuation, not realized revenue."
"The broader Hot Zones Master List tracked $29.25M in total HZ territory value; Morgan-owned districts within it included Wake, Cobb, Fulton, Prince William, and Gwinnett.",Verified — contextual / not Morgan-only,Copy of Hot Zones Master List.xlsx (TR-0117),"The workbook header totals $29,251,188 in estimated Hot Zone territory value. The owner column includes both Morgan and Jen; Morgan-owned high-value districts shown include Wake County ($1.3M), Cobb County ($789K), Fulton County ($689K), Prince William County ($653K), and Gwinnett County ($390K).","$29,251,188 total HZ territory value; Morgan-owned examples: Wake $1.3M, Cobb $789K, Fulton $689K, Prince William $653K, Gwinnett $390K",High,Maybe — only with program/team context,Yes,Do not describe $29.25M as Morgan's individual territory total; it is a broader Hot Zones master-list value.
"Morgan's Persist platform campaign export documents PTA and Wake event campaign metrics including prospects, leads, opens, and replies across multiple outbound campaigns.",Verified — primary source raw export,"20260502194849 (Persist_CampaignExport, TR-0768)","Multi-row raw Persist campaign export capturing campaign-level fields: prospects, leads generated, unsubscribed, bounced, emails sent, opened, clicked, replied. Sample rows include Event - PTA Show, Wake Event, Responded Previously, and Do Business w/Treering campaigns. This is the raw analytics infrastructure behind Morgan's campaign performance reporting.",Campaign-level analytics fields preserved for PTA/Wake event outreach segments; rates pending reconciliation against screenshot-derived metrics,High,Maybe,Yes,Reconcile campaign counts against existing screenshot-derived PTA event metrics before external use. Strongest as analytics-fluency and campaign-architecture corroboration alongside TR-0767.
A batch of four Wake County PTA event Persist campaign scorecards shows 11–26 contacts per segment with open rates of 77–100% across individual campaign audience slices.,Verified — screenshot-specific scorecard metrics / small samples,Screen Shot 2025-07-07 at 7.47.55 PM.png + 3 companion screenshots (TR-0769),Four compact Persist campaign scorecards for Wake County PTA event subsegments: Customers (11 contacted / 10 opened / 1 replied); PTA Not Involved But Email? (26 contacted / 20 opened / 3 replied / 1 bounce); Principals New Schools (7 contacted / 2 opened / 1 replied); Responded Previously (3 contacted / 3 opened / 1 replied). Small-sample proof points for district-specific PTA segmentation and campaign logic.,Customers 11c/10o/1r; PTA Not Involved 26c/20o/3r; Principals New Schools 7c/2o/1r; Responded Previously 3c/3o/1r,Medium,No — small samples,Yes,Use as portfolio context for Wake County territory depth and PTA campaign segmentation approach. Keep sample-size caveats prominent. Not a headline resume metric.
"The raw source architecture cluster for Morgan's SDR workflow process map documents six structured workflow stages: Receive Accounts, Identify Contacts, Who To Contact, Select Sequence, Outbound Sequences, and Scrub.",Verified — primary source architecture cluster,"SDR Workflow / ProcessMap raw source cluster, MindNode source files (TR-0770)",This 05.14.26 source cluster is the working architecture behind the already-tracked SDR Process Map / onboarding infrastructure. The visible substructure covers six workflow stages from account intake through scrubbing. Treat as source-strengthening evidence for the existing Process Map claim rather than a new standalone accomplishment.,Six-stage workflow architecture: Receive Accounts → Identify Contacts → Who To Contact → Select Sequence → Outbound Sequences → Scrub,High,Maybe,Yes,"Use as primary-source corroboration for SDR Process Map / onboarding-system claims already tracked. Confirms Morgan built the structural architecture, not just the visible website content."
"A cluster of Salesforce report-system screenshots documents Morgan's multi-category reporting architecture spanning fixes, research, inbound, current customer, in-contract, progress, and follow-up workflows, with organized report folders and a team reporting dashboard.",Verified — primary source screenshot cluster,TeamReportSystem.png + ReportSystem + Views screenshots (TR-0773),"Screenshot cluster shows a structured Salesforce reporting architecture: a team-level reporting dashboard, organized report folders segmented by workflow category, and saved-view/report screenshots covering multiple operational states. Categories include fixes, research, inbound, current customer, in-contract, progress, and follow-up workflows. This is systems/architecture evidence, not direct business-outcome proof.",Multi-category Salesforce report architecture; organized folder structure across 7+ workflow categories; team + individual dashboard layers,High,Maybe,Yes,Use as CRM reporting-infrastructure evidence. Pair with CRM audit dashboard (TR-0772) and TR-0786 transcript (custom SF reports Morgan built and presented live) to build the full Salesforce reporting footprint picture.
"Two Salesforce screenshots from January 2023 document Morgan's team management infrastructure: a 21-member ALL Reps Team view and a recurring Monday Employee Check-In form asking for wellbeing, role clarity, and concerns.",Verified — screenshot-specific team management infrastructure,Screen Shot 2023-01-12 at 12.35.54 PM.png + Screen Shot 2023-01-09 at 11.15.04 AM.png (TR-0774),"Screenshot 1: Morgan's ALL Reps Team Salesforce view showing 21 team members with account/contact context. Screenshot 2: a structured Monday Employee Check-In form with fields for wellbeing, role clarity, and concern updates. Together these document a recurring team-support cadence system Morgan maintained — not a one-off check-in.",21-member ALL Reps Team view; recurring Monday check-in cadence,High,Maybe — with management framing,Yes,"Use as qualitative people-management infrastructure proof. Pair with pod meeting transcripts (TR-0787, TR-0784) and pod performance dashboard (TR-0778) for the full management picture. '21-member' = ALL Reps Team scope — keep context when quoting."
"An Outreach platform screenshot filtered to 'Sequenced By Morgan Escott' shows 6,939 total sequenced prospects, 368 replied, 3,163 opened (58% of 5,423 delivered), and 362 clicked.",Verified — primary source screenshot / Morgan-attributed platform view,File-Screen Shot 2022-01-19 at 2.44.35 PM.png (TR-0777),"The Outreach platform view is filtered to 'Sequenced By Morgan Escott' with exact verified counts: 6,939 total, 368 replied, 6,571 no reply, 5,423 contacted/delivered, 3,163 opened (58% of delivered), 362 clicked, 111 called, 0 opted out. 'Sequenced By Morgan Escott' is the explicit platform attribution label on-screen.","6,939 total sequenced; 368 replied; 5,423 delivered; 3,163 opened (58% of delivered); 362 clicked; 111 called; 0 opted out",High,Yes,Yes,Strong resume-safe claim with Morgan's name in the platform attribution filter. Use 'Sequenced By Morgan Escott' framing — the platform label itself attributes scale. Pair with campaign-level reply rates from TR-0776 for the complete outbound performance picture.
"A September 2021 pod dashboard screenshot shows Morgan's pod generated $176K in likely revenue for all of 21–22, $21K in current-month wins, and 7 open opportunities; the full outbound team had 39 opportunities and $112,858.70 in current-month wins.",Verified — screenshot-specific dashboard metric,File-Screen Shot 2021-09-13 at 11.45.37 AM.png (TR-0778),"Dashboard titled 'Morgan's Pod People / Sales Dev Dash.' OUR POD tiles: 7 opportunities, ~$35K opportunity value, ~$21K outbound wins current month, ~$176K likely revenue all 21–22. ALL OUTBOUND tiles: 39 total opportunities (39%), $112,858.70 wins current month (33%). The pod vs. team scope is clear from separate tile labels. Treat as pod-management evidence, not Morgan-only individual revenue.","Pod: $176K likely revenue all 21–22; $21K wins current month; 7 opps. Team: 39 opps / $112,858.70 wins current month",High,Yes — with pod-management framing,Yes,"Use as people-leadership / pod-revenue framing, not Morgan-individual revenue. 'Led a pod that generated $176K in likely revenue over 21–22' is the accurate external wording."
"A November 2023 saved Salesforce view titled 'My People - YBA (Not Seq)' documents Morgan's persona-aware prospect segmentation logic, filtering on yearbook advisor/teacher/editor titles, open/researched/working status, estimated value over $2,500, and exclusion of already-sequenced or district/PTA contacts.",Verified — primary source / live operational screenshot,Screen Shot 2023-11-09 at 3.05.27 PM.png (TR-0779),"Live saved prospecting view showing Morgan's exact operational targeting filters: Person Account, yearbook advisor/teacher/editor title logic, exclusion of district/PTA/former contacts, not actively sequenced, open/researched/working school status, estimated value > $2,500. Account value context alongside prospects. This is implementation-level segmentation logic operationalized in a saved/shared workflow — not a theoretical process guide.","Persona-aware filter across 6 segmentation dimensions; $2,500+ EV threshold; excludes district/PTA/already-sequenced contacts",High,Maybe,Yes,"Use as CRM operations / systematic coverage-gap management evidence. Strongest as portfolio detail about Morgan's data-driven, persona-aware targeting approach in Salesforce."
"Morgan led a live group training on embedding Vidyard video intros as Outreach HTML variables with tracking tokens, including a bulk content update technique that retroactively refreshes videos in all prior emails via Custom Field 1.",Verified — primary source audio transcript,Vidyard_Intros_as_Outreach_Variables.txt (TR-0780),"Training covers: embedding Vidyard email campaign links as HTML in Outreach Custom Field 1, inserting vy_email tracking token, using bracket variable syntax for video thumbnails, and building snippet backups. Key technique: updating CF1 retroactively updates the video link in ALL prior emails that used the variable — bulk content update without individual edits. Verbatim: 'if I update this link, it will update in all of the emails where I used the variable without having to do additional edits.'",N/A — training content; retroactive bulk video update across all prior emails demonstrated live,High,Maybe — with MarTech/training framing,Yes,Use as advanced MarTech/CRM integration fluency and live training capability proof. The retroactive bulk-update technique is a distinctive operational innovation. Pair with pod meeting transcripts for the full training-leadership picture.
Morgan proactively recorded and sent a self-initiated Salesforce training video for her team on favoriting and customizing dashboards — without being asked — demonstrating both platform fluency and unsolicited team care.,Verified — primary source audio transcript,Favoriting_a_Dashboard_in_Salesforce.txt (TR-0781),"Morgan independently discovered, recorded, and shared a team tip on Salesforce dashboard favoriting: star icon usage, favoriting vs. subscribing distinction, field display customization (gear icon), and drag-to-reorder. Sent to the team unprompted. Verbatim: 'I just wanted to share that little tidbit of information hope everyone has a beautiful day.' Evidence of proactive team enablement independent of formal role obligations.",N/A — proactive training content; 3 dashboards team should track regularly noted,High,Maybe,Yes,Use as self-directed team enablement and proactive communication evidence. Strongest as qualitative proof-deck material for people-leadership behavioral patterns.
"Morgan ran an optional supplemental breakout room session in June 2021, presenting her own custom Salesforce report grouping CW customers by district, teaching Hot Zone strategy, and coaching self-directed learning via Trailhead.",Verified — primary source audio transcript,Optional_Morgan_s_Break_Out_Room_2021-06-17_at.txt (TR-0782),"Morgan voluntarily facilitated a supplemental breakout session. Presented her own Salesforce report: '2021 CW Customers in District' grouped by account name for district/city customer clustering. Explained Hot Zone territory strategy, covered Salesforce navigation, recommended Trailhead for self-learning. Verbatim: 'I've set this up and kind of grouped it together by account name so that when you use this to look at a district or a city and see how many customers are there.' Shows report-building, systems design, and proactive team coaching initiative.",N/A — custom Salesforce CW Customers by District report built and presented; Hot Zone concept taught,High,Maybe,Yes,Use as training facilitation and proactive leadership evidence. Pair with formal pod meeting transcript cluster to show Morgan created supplemental learning opportunities independently of required duties.
"In Content Committee Meeting 3 (January 2021), Morgan chaired the session, proposed a Salesforce/Outreach conditional field architecture for personalization, and drew peer-confirmed validation that her sequences were the team's default quality benchmark.",Verified — primary source audio transcript; peer attribution confirmed on record,First_Content_Committee_Meeting_3_2021-01-26.txt (TR-0783),"Morgan chairs CC meeting 3, expanding governance scope and framing psychological safety. Two key verbatim peer confirmations — Jen: 'I'm putting everyone in free reduced PTA first catch sequences because I know that Morgan wrote those. So that I want everybody to have because I know that's the real good one.' Stacey: 'your warm style of writing to me appeals so much more to also being on brand.' Morgan proposes Salesforce/Outreach conditional field architecture: 'if hot zone field exists, say hot zone paragraph. If title one exists, say title one paragraph.' Context: 40+ active sequences, 13 new hires starting.","40+ active sequences (problem state); 13 new hires onboarding; 4,300 Jen overdue tasks; Jen routes ALL prospects to Morgan's sequences by default",High,Yes,Yes,CRITICAL peer-attribution evidence. Jen's quote ('because I know that Morgan wrote those') is the strongest external validation of Morgan's sequence quality — from a peer colleague on record. Use in resume/portfolio context for sequence quality + thought leadership claims.
"In a private post-meeting segment in September 2023, Bobby explicitly confirmed Morgan's ongoing management role — 'you'll just need to sort of manage Tevez's time as you normally would' — with Tevez confirming the relationship on record.",Verified — primary source audio transcript; manager and direct report both confirm on record,Bobby_MPP_Quick_Meeting_2023-09-15.txt (TR-0784),"In the private post-meeting segment, Bobby states directly: 'you'll just need to sort of manage Tevez's time as you normally would.' Tevez confirms: 'I know Morgan and I have talked about it.' Bobby retains Morgan to discuss RFP/district approval workflow, positioning her as the natural coordinator for new strategic initiatives. Morgan's management role treated as an established baseline, not a new assignment. Meeting also covers Career Dev survey (69/100), Salesforce integration planning, and white-label expansion.",Career Development survey: 69/100; 36 bug items in integration log; ~2K FL schools in Yearbook Life,High,Yes,Yes,"CRITICAL management evidence. Bobby's 'as you normally would' phrasing implies established, ongoing practice. Pair with TR-0787 (group meeting management confirmation, May 2022) for the full two-point manager-confirmation arc spanning 16 months."
"In the February 2022 pod meeting, Morgan tracked and reported team pipeline data (57% of outbound goal), coached multi-threading strategy, advocated upward for her team, and received peer confirmation that her team resource website was 'such a brilliant idea.'",Verified — primary source audio transcript,MPP_Pod_Meeting_2022-02-17_09_14_GMT-8.txt (TR-0785),"Full pod meeting: CC authorship confirmed ('the content committee kind of had to adjust just a little bit on the reply sequence'), ABM/multi-threading coaching ('I've had it happen plenty of times where the principal forwarded me your email'), pipeline tracking ('right now we're at 57 percent of goal for the entire outbound team'), upward feedback routing, and her independently-built team resource website. Peer confirmation: 'it was such a brilliant idea.' Morgan passes team feedback upward to Bobby.",Team pipeline at 57% of outbound goal; 10 ops/month historical benchmark,High,Yes — leadership and CC authorship claims,Yes,"Use for CC authorship, pipeline leadership visibility, and upward advocacy evidence. Peer validation of team website as 'brilliant idea' is strong qualitative leadership proof."
"In the March 2022 pod meeting, Morgan presented three custom Salesforce reports she had already built independently — including conditional highlighting and cross-object filtering — at the same time leadership was still planning to develop similar SDR dashboards.",Verified — primary source audio transcript,MPP_Pod_Meeting_2022-03-17_09_15_GMT-7.txt (TR-0786),"Morgan presents three custom SF reports to her pod: (1) Applicable Accounts to Research, (2) Sequenceable Contacts at Workable Schools, (3) Active Prospects per Account with conditional highlighting. Leadership context noted in meeting: 'they want to start creating more reports with the idea that we could put it into an individual SDR dashboard' — Morgan had already built all components independently. Also troubleshoots Outreach platform bug live and files with vendor support. Verbatim: 'In a really sick way, I find it fun... it's like a puzzle I can solve.'",3 custom Salesforce reports built and presented independently before leadership's planned SDR dashboard rollout,High,Yes,Yes,Strong proof of Salesforce expertise ahead of org roadmap. Use for CRM/reporting infrastructure and self-directed initiative claims. Live Outreach troubleshooting + vendor filing shows technical escalation fluency.
"In the May 2022 pod meeting, Bobby explicitly confirmed Morgan's management accountability in front of the full group ('those are all things that she has the responsibility to manage you all on') and named her demo handoff approach as the team standard.",Verified — primary source audio transcript; manager confirmation in group setting on record,MPP_Pod_Meeting_2022-05-19_09_22_GMT-7.txt (TR-0787),"Bobby states in group: 'Morgan has a responsibility... those are all things that she has the responsibility to manage you all on.' Bobby names Morgan's demo standard: 'that's very Morgan asked, right?' Morgan proposes a cross-functional learning program (shadow tough demos, not just easy ones). Gives direct feedback to VP Bobby on meeting format, chat management, and exit-signal friction. Rep confirms 1:1 schedule change: 'Morgan and I just changed our one-on-one time.' Bobby delegates team data-gathering to Morgan.",N/A — management accountability confirmed publicly in group; 1:1 cadence confirmed by direct report; demo standard named,High,Yes,Yes,"CRITICAL management evidence. Bobby's group confirmation is a public, on-record acknowledgment. Pair with TR-0784 (private Sept 2023 confirmation) for a two-point management arc spanning 16 months in different settings."
"In the August 2022 pod meeting, Morgan taught group sequencing ('we could literally catch three people with 20 emails instead of one'), bulk personalization-at-scale via custom field updates, and live Salesforce Maps filtering with hot zone + Title I layers.",Verified — primary source audio transcript,MPP_Pod_Meeting_2022-08-18_12_07_GMT-4.txt (TR-0788),"Three-part technical training: (1) Group sequencing — CC 2-3 contacts into one sequence for multi-threaded outreach that 'looks more human as an email'; (2) Personalization at scale — select all Wake County prospects, bulk-add personal note via custom field; (3) Live Salesforce Maps: private layers, hot zone + Title I filters, conditional marker display. Territory strategy: 'I would always work my hot zones first because they just by far got the best responses.' Tech adoption framing: 'I don't want us to get stuck doing things the old way.'","N/A — group sequencing, bulk personalization, Salesforce Maps all demonstrated live; Wake County bulk selection demonstrated",High,Yes,Yes,Group sequencing and bulk personalization at scale are distinctive original outbound techniques. Pair with TR-0794 (March 2023 meeting with variable personalization and conditional if/else coding) for the full original-technique evidence cluster.
"In the September 2022 pod meeting, Morgan managed team continuity through an organizational restructure, shared her own peak-performance color-coded prospect tracking spreadsheet, and distributed a shared Salesforce pod reports folder to preserve institutional knowledge.",Verified — primary source audio transcript,MPP_Pod_Meeting_2022-09-15_12_05_GMT-4.txt (TR-0789),"Meeting during team departure + marketing-back-under-sales restructure. Morgan had already been briefed via pod-leads meeting and arrives prepared to stabilize. Actions: vulnerability coaching on calls, shares own historical color-coded prospect tracking spreadsheet from peak performance years, builds and distributes shared Salesforce pod reports folder, protects team time by removing 1:1s for quiet week. Verbatim: 'A Tree Ring never closes, but you're still allowed to close your computer.'",N/A — change management; shared Salesforce pod reports folder built and distributed; color-coded tracking spreadsheet shared,High,Yes,Yes,"Use for change management, institutional knowledge preservation, and team-care evidence. Sharing personal peak-performance tools and building shared reports during org disruption shows proactive leadership under pressure."
"In the October 2022 pod meeting, Morgan ran full live Salesforce report training (clone, filter, conditional highlight, export), stated her pod advocate role explicitly on record, and coached team on pipeline planning two months before peak season.",Verified — primary source audio transcript,MPP_Pod_Meeting_2022-10-20_12_07_GMT-4.txt (TR-0790),"Structured meeting with slides + Slack bookmarks bar Morgan built for her pod (playbook, vendor list, blog links). Full Salesforce report training: clone, filter, conditional highlight, export — live demonstration. Advocacy role stated on record: 'our job as pod leaders is to represent you guys.' Served as marketing liaison after restructure. Pipeline strategy coaching in October: 'It's a little early, but not really, it's never too early.' Multi-threading coaching: 'I can't tell you how many times the principal forwarded them an email from someone else.'",N/A — pod advocate role stated on record; Slack resource bar built; pipeline planning begun 2 months pre-peak,High,Yes,Yes,"Pod advocate role stated on record is strong leadership-responsibility confirmation. Use for people leadership, training, and upward-advocacy claims. Salesforce training delivery adds to CRM expertise picture."
"In the November 2022 pod meeting, Morgan built and deployed a categorized team feedback routing Google Doc, attended a company leadership meeting where marketing strategy was set, and managed the pod's Sendoso gifting budget.",Verified — primary source audio transcript,MPP_Pod_Meeting_2022-11-17_11_49_GMT-5.txt (TR-0791),"Morgan builds a structured Google Doc categorizing team feedback by destination team for systematic routing upward. Bobby weekly sync confirmed: 'Bobby asks pretty much every Monday, how are things going?' Morgan attends leadership meeting where Giving Tuesday vs. Black Friday/Cyber Monday strategy was decided — evidence of leadership meeting access beyond pod-lead scope. Manages Sendoso/Thanks gifting budget. Live Salesforce Maps: hot zone + referral layer + NPS threshold (≥8). Immediately proposes solution to a data quality issue.",NPS ≥ 8 required for referral map layer; leadership meeting attendance confirmed; weekly Bobby sync on record,High,Yes,Yes,Leadership meeting attendance in addition to pod lead role is important scope evidence. Systematic feedback routing Doc is strong ops design evidence. Pair with upward advocacy from TR-0787 and TR-0795.
"In the January 2023 pod meeting, Morgan coordinated a cross-functional training with AE Ansley on Salesforce lead/opportunity creation, co-authored pricing copy templates with peer pod lead Anna, and coached the inbound-outbound buddy system strategy.",Verified — primary source audio transcript,MPP_Pod_Meeting_2023-01-19_12_07_GMT-5.txt (TR-0792),"Morgan invites AE Ansley to present on SF lead/opportunity creation, then contextualizes content for SDRs after the guest leaves. Co-authors pricing copy templates with peer pod lead Anna. Sets discount guardrails: 10%/15%/20% tiers, >20% requires Bobby approval. Buddy system philosophy: 'I'm a big believer in the buddy system... every account we basically just latched on to an inbound rep and worked it together.' Advocates for better pricing visibility tools and commits to raising issues to Bobby by name.",Discount tiers: 10%/15%/20% (<20% = SDR-managed; >20% = Bobby approval); 300 yearbook sample offer; referral code = 2–10 free books,High,Yes,Yes,"Cross-functional training coordination, pricing guardrail coaching, and inbound-outbound strategy design are all program management scope evidence. Upward commitment to 'raise this to Bobby by name' shows accountability framing."
"In the February 2023 pod meeting, Morgan extended a vendor tutorial with her own live Salesforce Maps referral workflow demo and critically evaluated Outreach's AI sentiment-sorting feature for its known limitations.",Verified — primary source audio transcript,MPP_Pod_Meeting_2023-02-16_12_04_GMT-5.txt (TR-0793),"Morgan plays a vendor tutorial then extends it live with her own Salesforce Maps referral workflow demo. Sequence mechanics coaching: accurately explains opt-out and task logic. Critical tool evaluation: 'Outreach has that AI feature... but I don't think it's perfect' — independent platform critique. Philosophy: 'a very short, sweet, respectful message... can be refreshing. Sometimes we almost get a better response from stuff like that.' Celebrates a rep win in meeting.",Outreach AI sentiment sorting noted as imperfect; NPS ≥ 8 for referral map layer; two-week sequence spacing noted,High,Maybe,Yes,Critical evaluation of vendor tools is evidence of platform expertise beyond surface-level fluency. Use for advanced CRM/training claims and qualitative leadership tone.
"In the March 2023 pod meeting, Morgan taught her original variable personalization system with if/else conditional coding, the PTA council name-drop technique (tested and confirmed as response-rate driver), and the 'yes-and-yes' demo-scheduling psychology.",Verified — primary source audio transcript,MPP_Pod_Meeting_2023-03-23_12_03_GMT-4.txt (TR-0794),"Variable personalization: if/else conditional field system with two custom note fields (note 1 = bulk district, note 2 = individual) — 'umpteen times more efficient.' Independent competitive research: 'I probably found like 30 or so different professional associations.' PTA council name-drop: 'Once I was able to start saying that we were talking with the Georgia PTA council thing, I just started hearing back from a lot more people.' Yes-and-yes: 'it kind of gives them a choice between a yes and a yes.' SDR identity: 'I look at us as almost like marketing just as much as sales.'",~30 professional associations identified independently; PTA council technique confirmed as response-rate driver; conditional if/else variable coding demonstrated live,High,Yes,Yes,"PTA council technique and yes-and-yes are original, tested techniques belonging in the portfolio as methodology innovations. Variable personalization with conditional coding is advanced SDR technical work. Pair with TR-0788 for the full original-technique cluster."
"In the April 2023 pod meeting, Morgan reported the team was above goal ('We are crushing our goals'), confirmed a direct CEO/CTO product feedback loop, advocated for team conference attendance, and co-designed a new nurture sequence the org had 'never had before.'",Verified — primary source audio transcript,MPP_Pod_Meeting_2023-04-20_12_04_GMT-4.txt (TR-0795),Performance: 'We are crushing our goals.' Executive feedback loop: 'They acted like we had meetings about the things that I asked about... everything started getting actively addressed' — Morgan had product feedback login for Bobby/Kevin. Conference advocacy: 'I'll vouch for any of them if Bobby's kind of on the fence.' Nurture sequence co-design: 'We've never had anything like that before... this would give people a whole new step.' Real-time troubleshooting when Thanks platform broke mid-meeting.,Team above target (April 2023); executive product feedback access to Bobby + Kevin (CEO/CTO level),High,Yes,Yes,Above-target performance confirmation on record. Executive product feedback loop access is important scope evidence beyond pod lead. Pair with nurture sequence input as product/content influence across team boundary.
"In the May 2023 pod meeting, Morgan organized and hosted a Big Four competitive intelligence training with Ed (Product Evangelist) on Jostens, Herff Jones, Balfour, and Walsworth — and asked the most sophisticated question in the session, which Ed explicitly validated.",Verified — primary source audio transcript,MPP_Pod_Meeting_2023-05-18_12_02_GMT-4.txt (TR-0796),Morgan organized and hosted the Big Four competitive training with Ed. Most technically sophisticated question: district-based design service quality + yearbook advisor experience (LifeTouch angle). Also challenged Ed independently: 'how do we shine when they already have the same bullet points?' — showing prior independent competitor feature research. Ed validation: 'That's a really interesting. I appreciate it.' Morgan was the most knowledgeable voice in the room besides Ed.,N/A — competitive intelligence training; Morgan identified as most knowledgeable participant besides product expert,High,Yes,Yes,Training program organization + deepest competitive knowledge in session is strong evidence of both program management and subject-matter expertise. Independent competitor research ('same bullet points') shows strategic depth beyond product scripts.
"In the June 2023 pod meeting, Morgan organized a LifeTouch-specific competitive session with Ed and contributed an original field-discovery pattern from her own territory: LifeTouch district-level contracts creating school-level lock-in.",Verified — primary source audio transcript,MPP_Pod_Meeting_2023-06-14_12_03_GMT-4.txt (TR-0797),"Morgan organized the second competitive training with Ed, focused on LifeTouch. Field pattern from her own territory: 'I run into it a lot where every elementary school will say, oh sorry, we work with Life Touch, we're just told this — and it almost seems to be more common than with the other publishers.' Ed validates and provides breakout strategy. Morgan coaches rep confidence when surfacing own insights. Closes efficiently within calendar time.",N/A — LifeTouch district contract pattern documented from personal territory experience and shared with team,High,Maybe,Yes,Field research contributing to org competitive intelligence is distinctive. Morgan's bottom-up pattern discovery from own territory feeding into team training shows research → knowledge transfer loop. Pair with TR-0796 for the full competitive intelligence series.
"In the July 2023 pod meeting, Morgan presented her proprietary first touch/reapproach ratio report ('I made it a long time ago'), a school start date calendar view she independently discovered in Salesforce, and Heritage Collection positioning language ahead of product launch.",Verified — primary source audio transcript,MPP_Pod_Meeting_2023-07-20_12_05_GMT-4.txt (TR-0798),"First touch/reapproach ratio report: 'I'm really proud, it's my report. I made it a long time ago' — built long before it became a formal metric against Bobby's 35% benchmark. School start date calendar: 'I just sort of discovered that when I was exploring Salesforce one day' — independent tool discovery shared with pod. Heritage Collection pre-launch positioning: proactively frames 'premium' vs. 'heritage' language before product launch. Nurture context: 'Jen and I have been recycling re-approaches for five, six, seven years... it's just like talking to a brick wall.'",35% first touch/reapproach ratio = Bobby's benchmark; school start dates visible by territory in calendar view; Heritage Collection framed pre-launch,High,Yes,Yes,Proprietary first-touch ratio report predates formal org metric — evidence of self-directed data analysis ahead of leadership priorities. Heritage Collection framing before launch shows product input beyond SDR scope. Pair with TR-0795 for the full nurture sequence context.
"In the August 2023 pod meeting, Morgan explicitly named on record that SDRs were excluded from the Salesforce people-accounts rollout, committed to ensuring leadership adjusted performance expectations for the disruption, and real-time-built a cross-pod bug/feedback doc for executive escalation.",Verified — primary source audio transcript,MPP_Pod_Meeting_2023-08-17_12_11_GMT-4.txt (TR-0799),"CRM crisis: Salesforce people-accounts rollout deployed mid-peak with no SDR input or notice. Morgan names failure on record: 'We didn't get any SDR perspective... it was really kind of downplayed.' Upward commitment: 'My supervisors are going to have to understand that this is why... I will be sure to remind them of that.' Compiles cross-pod bug/feedback Google Doc for executive escalation — a cross-team action, not just Morgan's pod. Real-time screen-sharing triage with reps. Emotional grounding: 'Just know that you guys aren't alone. Make it till you make it.'",N/A — CRM crisis; SDR exclusion named on record; cross-pod escalation doc built; performance expectations adjustment committed,High,Yes,Yes,CRITICAL crisis leadership evidence. Naming failure on record + committing to leadership accountability + cross-pod escalation + emotional stabilization = full-spectrum crisis management. Pair with TR-0787 and TR-0784 for the complete management evidence cluster.
"In the November 2023 pod meeting, Morgan built Salesforce reports to catch SDR credit leakage from inbound wins, personally absorbed the attribution risk to protect her team, and shared her original written gatekeeper response guide compiled from real objections.",Verified — primary source audio transcript,MPP_Pod_Meeting_2023-11-16_12_40_GMT-5.txt (TR-0800),Credit protection: custom Salesforce reports to catch SDR credit attribution from inbound wins. Personal risk absorption: 'I just want it to show in the history that I added the campaign name so that... they'll come ask me and bother me about it. Not you.' Original gatekeeper guide: 'I was feeling super extra one day and I really just sat down and wrote out all of the responses that I was getting' — compiled from real objections in the field. Co-authored master call script with Kaylin. Cold-calling historical context: 'between maybe 10 and 20 meetings a month' at prior IST role.,10–20 meetings/month at IST (cold-calling benchmark); gatekeeper response guide compiled from real field objections,High,Yes,Yes,Credit protection with personal risk absorption is a distinctive team-advocacy behavior. Original gatekeeper guide from real-response compilation is an authored training asset. IST cold-calling volume provides pre-TreeRing performance context.
"In the January 2024 pod meeting, Morgan recognized three-year anniversaries for four direct reports, independently discovered and taught a new Salesforce Chrome extension (Sales Cloud Everywhere, Dec 2023 release), and observed the RFP/district infrastructure she helped architect now running independently through her team.",Verified — primary source audio transcript,MPP_Pod_Meeting_2024-01-25_12_35_GMT-5.txt (TR-0801),"Opens with 3-year anniversary recognition for Jamie, Erin, Tevis, and Julie — soliciting their wisdom for new hire onboarding. Independently discovered Salesforce Chrome extension 'Sales Cloud Everywhere' (Dec 2023 release) and taught it live. Hot zone county analysis: 'I actually ran that report recently and did it by county instead of district and found one or two where oh we actually have 20 customers here.' District/RFP infrastructure she helped architect now running independently through Tevez — full-circle program continuity. Callbacks to variable personalization system from March 2023.",2+ customers = hot zone threshold; county clusters of up to 20 customers found; Salesforce extension Dec 2023 release identified independently,High,Yes,Yes,RFP/district infrastructure running independently through Tevis is sustained program-development evidence across 3+ years. Three-year anniversary recognition shows team tenure and relationship depth. Pair with TR-0784 and the full pod meeting series for the complete leadership arc.
Morgan authored a complete 10-step A/B sequence targeting Title 1 advisors — audience-specific copy with fundraising claims and objection-handling steps,Verified — CT Reviewed,Title 1 Advisor - Draft Complete.docx (TR-0151),"Full 10-step A/B sequence: intro A/B variants, bump, phone step, best time + fundraising ($700K/$4M), hidden costs PDF, custom pages/trees, non-contract PDF, value prop, sample book, generic task",10 steps + A/B variants; $700K/$4M fundraising metrics embedded in copy,High,Yes,Yes,Pair with TR-0133 (Title 1 Principals email) for full Title 1 portfolio section; see EG row 66
Morgan authored a signed Title 1 CA principal email with geographic personalization and accessibility/mission framing,Verified — CT Reviewed,Title 1 - Principals.docx (TR-0133),"My name is Morgan'; San Mateo/CA personalization; mission framing around affordability, first-time yearbooks, and restart programs; Morgan's personal name signature",None specific — qualitative audience-specific principal messaging for Title 1 schools,High,Yes,Yes,Pair with TR-0151 (Title 1 Advisor 10-step sequence); see EG row 66
"Morgan's Jan 2023 CultureAmp self-assessment submitted to Bobby — first-person documentation of management growth, quarterly goals, challenges, and career ambitions",Verified — CT Reviewed,Self Reflection Jan 2023.docx (TR-0461),"Q1: 'management voice' becoming second nature; Salesforce mastery 'my favorite part of the job.' Q2 challenge: too many ideas, introvert managing a people-heavy role. Q4: stay on SDR bike, backend systems, pod communication. Expressed interest in Operations under Melanie",N/A — qualitative; submitted directly to manager Bobby,High,No,Yes,Use for interview prep (authentic management voice); pairs with TR-0787 + TR-0784 manager confirmation evidence; see EG row 67
"Morgan authored a complete 8-step SDR methodology playbook for new hire training — her full targeting philosophy, personalization system, and personal brand voice",Verified — CT Reviewed,"Sales Dev Process 2020, Morgan.docx (TR-0607)","8 steps: account assignment → data prep → identify $2,500+ schools → research → create contacts → email principal first → identify advisor → reach out with sequences. 'Customer service for people who just don't happen to be customers yet.' Custom unsubscribe. UTM tracking (utm_campaign=morganescott)",8 documented steps; targeting priority: HZ → Private → Green → Title 1 → Generic; personal UTM attribution,Medium,Yes,Yes,Pair with TR-0663 (2016 marketing plan) to show consistent 4-year methodology; see EG row 68
Morgan's 2016 school-year marketing plan documents a multi-touch relationship-first sales philosophy strikingly consistent with her 2020 SDR methodology — confirming it was her original thinking from year one,Verified — CT Reviewed,2016 School Year - Marketing Plan - Rough Draft.docx (TR-0663),"9-touch sequence from year 1: research, email ('heartfelt, personalized'), phone ('paper messages are better than VM'), snail mail ('handwritten note by yours truly'), social media DM, holiday card (handwritten), March plantable paper, May close. 'Well, you survived the year. Congratulations!'",9-touch sequence documented in year 1 of career,Medium,Yes,Yes,Pair with TR-0607 (2020 SDR methodology) for 4-year career-arc narrative; see EG row 68
Morgan's PTA Council outreach achieved 74% open / 22% reply / zero opt-outs; she created a training deck documenting results — leading to Bobby co-presenting at Area Councils she originated,Verified — CT Reviewed,PTA Councils.pptx (TR-0670),"74% open / 7.4% click / 22% reply / 0 opt-outs; in one month: GA referral to State PTA, Bobby co-presented at 2 Area Councils, CA 9th PTA District (300+ schools); 'Literally no one has replied unfavorably'",74% open rate / 22% reply rate / 0 opt-outs; 300+ CA schools in one initiative; executive co-presentation buy-in,High,Yes,Yes,Complements existing PTA Council EG themes; adds quantified results + training deck evidence; see EG row 69
"Morgan and Jen formally proposed to TreeRing leadership that the Content Committee — not marketing hires — should own outbound sequence writing, asserting 10 combined years of expertise and retaining CC authority",Verified — CT Reviewed,Content Committee.pptx — CC Proposal to Leadership (TR-0671),"May 10 2021; 'Jen and I alone have 10 years of experience doing this'; 'We are the OG's :)'; 'We'll get much better outbound sequence results if the people writing them are actually in Outbound'; Bobby: 'No matter what I've brought to you, you've always listened without judgement'",10 combined years expertise cited; CC retained sequence ownership through Morgan's departure,High,Yes,Yes,Pairs with TR-0783 (CC founding transcript) and existing CC EG themes; see EG row 70
Morgan presented her SDR methodology to the full TreeRing team on July 19 2022 company training day — her session was explicitly named 'Morgan's Take on SDR role'; Process Map website was on the official agenda,Verified — CT Reviewed,Content Team 06.01.22.pptx (TR-0126),July 19 2022 full-team training day; 'Morgan's Take on SDR role' named as her session; Process Map Wiki site featured on agenda; AT&T model; 5-to-25+ SDR scaling framework; consultative selling approach,None specific — qualitative; company-wide scope (not pod-only) confirmed,High,Yes,Yes,Extends training evidence beyond pod to full company; pairs with DF-0075 (SDR Training deck) and escottmorgan.wixsite.com/processmap
Morgan built a 1MB nationwide Hot Zone analysis comparing 2024 company HZ data against her personal district history — extraordinary analytical scope for an individual SDR,Verified — CT Reviewed (DF-0138),Nationwide Hot Zones 2024 vs. My Districts.xlsx (TR-0231),All 50 states + Canada; customer satisfaction scores; comparison of company-wide HZ map vs. Morgan's personal territory districts; analytical scope far exceeds typical SDR role,1MB data file; all 50 states + Canada; national scope,Medium,Yes,Yes,Pairs with ALL HZ Schools-2021.xlsx (TR-0104) and HZ Follow Ups by District.xlsx; see DF-0138 for full context
"Outreach screenshot (Apr 2021) confirms live sequence performance across 6+ audience segments at scale — MS/HS Teacher 83%/32% reply (804 contacted), MS/HS Principal 77%/14% (1,901 contacted)",Verified — CT Reviewed,File-Screen Shot 2021-04-28 at 4.21.20 PM.png (TR-0643),"Apr 28 2021 Outreach sequences view: MS/HS Teacher 83% open/32% reply (804 contacted); Support Staff 83%/38% (751); MS/HS Principal 77%/14% (1,901 contacted); ES PTA 63–66%/16–21%; ES Principal 74%/15% (1,224); ES Private Re-Approach 81%/23% (47)","83% open / 32% reply on Teacher (804 contacted); 77% open / 14% reply on 1,901 Principal prospects",High,Yes,Yes,Pairs with TR-0645 (Feb 2021 metrics); see EG row 72
Outreach screenshot (Feb 2021) — District 1st Touch 83%/62% reply (287 contacted); Trial Account Request 88%/57% reply (407 contacted) — strongest reply rates in archive,Verified — CT Reviewed,File-Screen Shot 2021-02-09 at 2.35.53 PM.png (TR-0645),"Feb 9 2021 Outreach sequences view: District 1st Touch Spring 83%/62% reply (287 contacted); Trial Account Request 88%/57% reply (407 contacted); ES Principal Re-Approach 52%/2.4% (1,867 contacted); Sample Sent No Demo 47% open (55 contacted)",District 1st Touch: 83% open / 62% reply (287 prospects); Trial Account Request: 88% open / 57% reply (407 prospects),High,Yes,Yes,Pairs with TR-0643 (Apr 2021 metrics); see EG row 72; note these are the two strongest reply-rate metrics in the full archive
"Official 21-22 team honors screenshot confirms 77% lead conversion, 82% opportunity conversion, 480,000 SDR emails, and 74,000 SD activities — the year Morgan served as pod lead",Verified — CT Reviewed,File-Screen Shot 2022-06-28 at 12.49.59 PM.png (TR-0650),"21-22 Wins for the year' team scorecard: 77% Lead Conversion Rate; 82% Opportunity Conversion Rate; 74,000 Activities for SDs; 16,000 Calls + 480,000 Emails for SDRs; Morgan was pod lead this year","77% lead conversion / 82% opp conversion; 480,000 emails; 74,000 activities; 16,000 calls",High,Yes,Yes,Morgan was pod lead in 21-22; these team results are partly attributable to her leadership; corroborates existing VC metrics; note team-level (not Morgan-only) metric
Morgan's personal In Contract sequence — embedded grow.treering.com/calendar/user/morgan/ links confirm authorship; 'My personal favorite is: recognition ads!' confirms voice ownership; A/B test note on Step 8,Verified — CT Reviewed,Done - In Contract + Companion (TR-0693),"12-step date-based sequence (March–June); Step 1: 'my name is Morgan'; Steps 6/8: recognition ads + 'My personal favorite'; A/B test note: 'plain email vs. one with a button or graphic?'; Morgan calendar URLs: /t/4 Phone, /t/2 30-min demo, /t/3 60-min demo; Summer close: 'You guys are our heroes :).'",grow.treering.com/calendar/user/morgan/ = definitive authorship proof; 12 steps,Medium,Yes,Yes,Pairs with TR-0694 + TR-0695 (Year 2 sequences); see EG row 73
"Morgan's Advisor Year 2 sequence — A/B tested testimonials with named schools (Williston HS sold out, East Columbus HS), PUR binding technical email, and personal calendar links across 9 manual steps",Verified — CT Reviewed,Advisor Year 2 - Done (TR-0694),"Step 3 A/B TEST: Version A (Williston HS: sold out yearbooks, 432 sold, 'turned around our dying program'); Version B (East Columbus HS: 'Finding TreeRing was the best thing to ever happen to our school'); Step 7: PUR binding specs ('Superior flexibility... -40 to +200F'); Step 9 placeholder: 'NEW FEATURE LIST HERE HOPEFULLY INCLUDING ADS OMG'",A/B tested testimonials with real named schools; 9 manual steps; PUR binding technical copy,Medium,Yes,Yes,Pairs with TR-0693 + TR-0695; see EG row 73
Morgan's Principal Year 2 sequence — ultra-personalized school event step requires custom website research; note 'Kristina added call step here!!!!' confirms iterative cross-functional authorship,Verified — CT Reviewed,Principal Year 2 - Done (TR-0695),"Step 6: 'THIS WILL REQUIRE GOING TO THE SCHOOL WEBSITE AND DOING SOME CUSTOMIZATION. TAKES MORE TIME BUT WILL BE WORTH IT'; subject: 'Is the {{Fun Fair, or some kind of year-end event}} going to be in the yearbook?'; Step 3: reviving yearbook programs framing; note: 'Kristina added call step here!!!!' shows collaborative authorship history",School event personalization step requiring per-prospect website research; 9 manual steps; cross-functional editing confirmed,Medium,Yes,Yes,Kristina's call-step edit confirms Morgan's sequences were the recognized base layer; pairs with TR-0693 + TR-0694; see EG row 73
"Morgan documented her personal Handlebars formula library for the full SDR team — 7+ nested conditional formulas for personalization, day-of-week greetings, and nickname/account logic; confirms she invented the variable system",Verified — CT Reviewed,Formulas I used :) (TR-0717),"Formulas: (1) nickname vs. account name conditional; (2) 'The' + yearbook name triple-nested; (3) parent org variable; (4) day-of-week greetings Mon–Fri; (5) nickname + parent org combo; (6) complex yearbook name subject line; (7) salutation + title/last name logic. All Handlebars syntax, shared with team",7+ formula variants; used across all SDR sequences; documented proactively for team distribution,Medium,Yes,Yes,See EG row 71 (Personalization at Scale — Handlebars Formula Library); pairs with TR-0794 pod meeting teaching variable personalization live
"Morgan's personal thought-leadership brainstorm — Flipboard boards for 4 SDR personas, recommended reading (Voss, Konrath), TreeRing Book Club proposal, YouTube/podcast curation; evidence of self-directed professional development",Verified — CT Reviewed,Thought Leader Brainstorm.docx (TR-0173),"Personal Flipboard boards (@morganescott) for 4 customer personas; recommended reading (Never Split the Difference, Snap Selling); TreeRing Book Club proposal; sales YouTube/podcast list; self-directed team knowledge initiative",N/A — qualitative; 4-persona reading program documented,High,No,Yes,Supports self-directed development narrative; pairs with TR-0461 (management self-assessment) and TR-0788 (SDR identity framing)
"Morgan documented a detailed Salesforce Classic vs. Lightning comparison with specific UX improvement requests — account page redesign, CongaGrid inline editing, Parent Accounts for Hot Zones; CRM platform depth beyond user level",Verified — CT Reviewed,Lightning Brainstorm Version1.docx (TR-0174),Morgan-primary Classic vs. Lightning comparison; account page/contact page redesign requests; ListBrowse for 400+ CA account navigation; CongaGrid inline editing proposal; Parent Accounts for HZ grouping; 'I mostly live on the account page (Morgan)',N/A — qualitative; 400+ CA accounts cited; platform transition planning scope,High,No,Yes,Supports CRM/Salesforce depth claims; pairs with TR-0786 (Morgan building reports ahead of company roadmap) and TR-0790 (live Salesforce training in pod meeting)
"Morgan's early-career SDR improvement document submitted to supervisor Leo — direct mail strategy, social media plan, Marketo critique, meeting reform, opportunity equity proposal; shows strategic thinking from first years",Verified — CT Reviewed,Sales Dev Brainstorm!.docx (TR-0184),"Under supervisor Leo (early career); direct mail strategy, social media approach, Marketo implementation critique, meeting reform with Leo critique included, opportunity equity proposal, marketing wish list, June–October SDR outreach timeline",N/A — qualitative; early-career strategic proposal submitted to management,High,No,Yes,Complements TR-0663 (2016 marketing plan) and TR-0607 (2020 SDR playbook) in early-career strategic arc; upward advocacy present from year 1
Morgan authored a second sequence training module for the SDR team — additional training content beyond the primary new-hire guide,Verified — CT Reviewed,Sequence Training 2.docx (TR-0202),Second training module supplementing primary training materials; evidence of ongoing training content creation beyond initial onboarding guide,N/A — no metrics available in snapshot,Medium,No,Yes,"Pairs with SEQUENCE TRAINING FOR NEW HIRES.docx (TR-0007), Training deck (TR-0111), and company-wide training (TR-0126); DF context if needed"
Morgan's Pod Goals 21-22 spreadsheet — pod performance dashboard with individual rep metrics and a THNKS gifting tab documenting each rep's gift preferences; systematic people management and team-care operations,Verified — CT Reviewed (DF-0132),MPP_ Pod Goals 21-22.xlsx (TR-0224),"Pod performance dashboard for 21-22 season; THNKS gifting tab: Julie (GrubHub $18), Jamie (Chick-fil-A $18), Tevis (Starbucks $17.91); systematic people management infrastructure including individual care tracking",N/A — qualitative; documents pod management cadence and individual rep care,High,No,Yes,Pairs with TR-0787 + TR-0784 (manager confirmation) and TR-0461 (self-assessment); see DF-0132 for full content
"Morgan's territory transfer document to Anna (April 17 2023) — full VA/WV offboarding with hundreds of schools, Salesforce IDs, HZ/Title 1 flags, and active pipeline notes; organized, documented handoff process",Verified — CT Reviewed (DF-0134),Transfer to Anna 04-17-23.xlsx (TR-0226),"Complete territory transfer: hundreds of VA/WV schools with Salesforce IDs, Hot Zone flags, Title 1 flags, active pipeline status, and transition notes; fully documented departure handoff to colleague Anna",N/A — territory size: hundreds of schools across VA/WV; organized handoff doc,High,No,Yes,Evidence of institutional responsibility and organized handoff at departure; pairs with ALL HZ Schools-2021.xlsx territory management docs; see DF-0134 for full content
